[
{
  "model": "animals.habitat",
  "pk": 1,
  "fields": {
    "name": "Mountains",
    "min_rainfall": 80,
    "max_rainfall": 1000,
    "min_temperature": -45,
    "max_temperature": 30,
    "plant_types": "Conifers, Grasses, Shrubs",
    "habitat_category": "TU",
    "threats": []
  }
},
{
  "model": "animals.habitat",
  "pk": 2,
  "fields": {
    "name": "Polar Regions",
    "min_rainfall": 0,
    "max_rainfall": 250,
    "min_temperature": -88,
    "max_temperature": 15,
    "plant_types": "None",
    "habitat_category": "TU",
    "threats": []
  }
},
{
  "model": "animals.habitat",
  "pk": 3,
  "fields": {
    "name": "Rainforests",
    "min_rainfall": 1750,
    "max_rainfall": 2000,
    "min_temperature": 15,
    "max_temperature": 35,
    "plant_types": "Vines, Shrubs, Trees",
    "habitat_category": "FO",
    "threats": []
  }
},
{
  "model": "animals.habitat",
  "pk": 4,
  "fields": {
    "name": "Woodlands",
    "min_rainfall": 500,
    "max_rainfall": 1500,
    "min_temperature": 0,
    "max_temperature": 25,
    "plant_types": "Trees, Shrubs, Mosses, Flowering Herbs, Grasses",
    "habitat_category": "FO",
    "threats": []
  }
},
{
  "model": "animals.habitat",
  "pk": 5,
  "fields": {
    "name": "Coniferous Forests",
    "min_rainfall": 762,
    "max_rainfall": 1524,
    "min_temperature": -40,
    "max_temperature": 25,
    "plant_types": "Conifers, Low-growing Shrubs",
    "habitat_category": "FO",
    "threats": []
  }
},
{
  "model": "animals.habitat",
  "pk": 6,
  "fields": {
    "name": "Savanna",
    "min_rainfall": 101,
    "max_rainfall": 2540,
    "min_temperature": 20,
    "max_temperature": 30,
    "plant_types": "Grasses, Shrubs, Trees",
    "habitat_category": "GR",
    "threats": []
  }
},
{
  "model": "animals.habitat",
  "pk": 7,
  "fields": {
    "name": "Temperate Grasslands",
    "min_rainfall": 508,
    "max_rainfall": 889,
    "min_temperature": -17,
    "max_temperature": 32,
    "plant_types": "Grasses, Shrubs, Trees",
    "habitat_category": "GR",
    "threats": []
  }
},
{
  "model": "animals.habitat",
  "pk": 8,
  "fields": {
    "name": "Deserts",
    "min_rainfall": 0,
    "max_rainfall": 250,
    "min_temperature": -40,
    "max_temperature": 45,
    "plant_types": "Cacti, Grasses, Shrubs",
    "habitat_category": "DE",
    "threats": []
  }
},
{
  "model": "animals.habitat",
  "pk": 9,
  "fields": {
    "name": "Desert Scrublands",
    "min_rainfall": 380,
    "max_rainfall": 1000,
    "min_temperature": -1,
    "max_temperature": 37,
    "plant_types": "Cacti, Shrubs, Trees",
    "habitat_category": "DE",
    "threats": []
  }
},
{
  "model": "animals.habitat",
  "pk": 10,
  "fields": {
    "name": "Open Ocean",
    "min_rainfall": 1524,
    "max_rainfall": 6350,
    "min_temperature": 0,
    "max_temperature": 17,
    "plant_types": "Seaweeds",
    "habitat_category": "AQ",
    "threats": []
  }
},
{
  "model": "animals.habitat",
  "pk": 11,
  "fields": {
    "name": "Deep Ocean",
    "min_rainfall": 1524,
    "max_rainfall": 6350,
    "min_temperature": 0,
    "max_temperature": 3,
    "plant_types": "Seaweeds, Phytoplankton, Sea Grasses",
    "habitat_category": "AQ",
    "threats": []
  }
},
{
  "model": "animals.habitat",
  "pk": 12,
  "fields": {
    "name": "Coral Reefs",
    "min_rainfall": 250,
    "max_rainfall": 2032,
    "min_temperature": 18,
    "max_temperature": 40,
    "plant_types": "Algae, Mangroves, Seagrasses",
    "habitat_category": "AQ",
    "threats": []
  }
},
{
  "model": "animals.habitat",
  "pk": 13,
  "fields": {
    "name": "Urban Areas",
    "min_rainfall": 250,
    "max_rainfall": 1500,
    "min_temperature": -20,
    "max_temperature": 45,
    "plant_types": "Grasses, Shrubs, Trees",
    "habitat_category": "UR",
    "threats": []
  }
},
{
  "model": "animals.habitat",
  "pk": 14,
  "fields": {
    "name": "Rivers",
    "min_rainfall": 254,
    "max_rainfall": 2032,
    "min_temperature": 1,
    "max_temperature": 23,
    "plant_types": "Algae, Mosses, Submerged Plants",
    "habitat_category": "AQ",
    "threats": []
  }
},
{
  "model": "animals.classification",
  "pk": 1,
  "fields": {
    "classification": "Mammal"
  }
},
{
  "model": "animals.classification",
  "pk": 2,
  "fields": {
    "classification": "Amphibian"
  }
},
{
  "model": "animals.classification",
  "pk": 3,
  "fields": {
    "classification": "Fish"
  }
},
{
  "model": "animals.classification",
  "pk": 4,
  "fields": {
    "classification": "Reptile"
  }
},
{
  "model": "animals.classification",
  "pk": 5,
  "fields": {
    "classification": "Bird"
  }
},
{
  "model": "animals.animal",
  "pk": 1,
  "fields": {
    "name": "Great White Shark",
    "scientific_name": "Carcharodon carcharias",
    "average_lifespan": 40,
    "size": 15.0,
    "size_unit": "feet",
    "weight": 2.5,
    "weight_unit": "tonnes",
    "fact": "Great whites can detect one drop of blood in 25 gallons of water.",
    "diet": "CA",
    "classification": 3,
    "habitats": 10,
    "threats": []
  }
},
{
  "model": "animals.animal",
  "pk": 2,
  "fields": {
    "name": "Tiger Shark",
    "scientific_name": "Galeocerdo cuvier",
    "average_lifespan": 15,
    "size": 10.0,
    "size_unit": "feet",
    "weight": 850.0,
    "weight_unit": "pounds",
    "fact": "Tiger sharks will eat anything, including other sharks, license plates, and tires.",
    "diet": "CA",
    "classification": 3,
    "habitats": 12,
    "threats": []
  }
},
{
  "model": "animals.animal",
  "pk": 3,
  "fields": {
    "name": "Sand Tiger Shark",
    "scientific_name": "Carcharias taurus",
    "average_lifespan": 15,
    "size": 6.5,
    "size_unit": "feet",
    "weight": 200.0,
    "weight_unit": "pounds",
    "fact": "Sand tiger pups eat their siblings in utero, a kind of cannibalism unique to the species.",
    "diet": "CA",
    "classification": 3,
    "habitats": 12,
    "threats": []
  }
},
{
  "model": "animals.animal",
  "pk": 4,
  "fields": {
    "name": "Siberian Tiger",
    "scientific_name": "Panthera tigris altaica",
    "average_lifespan": 16,
    "size": 10.75,
    "size_unit": "feet",
    "weight": 660.0,
    "weight_unit": "pounds",
    "fact": "There are approximately less than 600 Siberian tigers remaining in the wild.",
    "diet": "CA",
    "classification": 1,
    "habitats": 5,
    "threats": []
  }
},
{
  "model": "animals.animal",
  "pk": 5,
  "fields": {
    "name": "Bengal Tiger",
    "scientific_name": "Panthera tigris tigris",
    "average_lifespan": 8,
    "size": 5.0,
    "size_unit": "feet",
    "weight": 240.0,
    "weight_unit": "pounds",
    "fact": "The bengal tiger is India's national animal - and one of the country's largest draws.",
    "diet": "CA",
    "classification": 1,
    "habitats": 3,
    "threats": []
  }
},
{
  "model": "animals.animal",
  "pk": 6,
  "fields": {
    "name": "Bull Shark",
    "scientific_name": "Carcharhinus leucas",
    "average_lifespan": 16,
    "size": 7.0,
    "size_unit": "feet",
    "weight": 200.0,
    "weight_unit": "pounds",
    "fact": "Bull sharks have been seen leaping up river rapids, salmon-like, to reach inland lakes.",
    "diet": "CA",
    "classification": 3,
    "habitats": 12,
    "threats": []
  }
},
{
  "model": "animals.animal",
  "pk": 7,
  "fields": {
    "name": "Nurse Shark",
    "scientific_name": "Ginglymostoma cirratum",
    "average_lifespan": 25,
    "size": 7.5,
    "size_unit": "feet",
    "weight": 200.0,
    "weight_unit": "pounds",
    "fact": "During the day,  nurse sharks rest on the seafloor in giant piles.",
    "diet": "CA",
    "classification": 3,
    "habitats": 12,
    "threats": []
  }
},
{
  "model": "animals.animal",
  "pk": 8,
  "fields": {
    "name": "Walrus",
    "scientific_name": "Odobenus rosmarus",
    "average_lifespan": 40,
    "size": 7.25,
    "size_unit": "feet",
    "weight": 1.5,
    "weight_unit": "tonnes",
    "fact": "Hooked onto ice like an axe, tusks help walruses climb out of the sea.",
    "diet": "CA",
    "classification": 1,
    "habitats": 2,
    "threats": []
  }
},
{
  "model": "animals.animal",
  "pk": 9,
  "fields": {
    "name": "Leopard Seal",
    "scientific_name": "Hydrurga leptonyx",
    "average_lifespan": 12,
    "size": 10.0,
    "size_unit": "feet",
    "weight": 840.0,
    "weight_unit": "pounds",
    "fact": "Leopard seals are the only known seals to regularly hunt warm-blooded prey.",
    "diet": "CA",
    "classification": 1,
    "habitats": 2,
    "threats": []
  }
},
{
  "model": "animals.animal",
  "pk": 10,
  "fields": {
    "name": "Emperor Penguin",
    "scientific_name": "Aptenodytes forsteri",
    "average_lifespan": 15,
    "size": 45.0,
    "size_unit": "inches",
    "weight": 88.0,
    "weight_unit": "pounds",
    "fact": "Emperors are the largest of all penguins.",
    "diet": "CA",
    "classification": 5,
    "habitats": 2,
    "threats": []
  }
},
{
  "model": "animals.animal",
  "pk": 11,
  "fields": {
    "name": "Polar Bear",
    "scientific_name": "Ursus maritimus",
    "average_lifespan": 25,
    "size": 7.25,
    "size_unit": "feet",
    "weight": 900.0,
    "weight_unit": "pounds",
    "fact": "Polar bears have black skin and although their fur appears white, it is actually transparent.",
    "diet": "CA",
    "classification": 1,
    "habitats": 2,
    "threats": []
  }
},
{
  "model": "animals.animal",
  "pk": 12,
  "fields": {
    "name": "Arctic Fox",
    "scientific_name": "Vulpes lagopus",
    "average_lifespan": 3,
    "size": 18.0,
    "size_unit": "inches",
    "weight": 6.5,
    "weight_unit": "pounds",
    "fact": "In summer, arctic foxes shed their winter coats for brown and cream fur.",
    "diet": "OM",
    "classification": 1,
    "habitats": 2,
    "threats": []
  }
},
{
  "model": "animals.animal",
  "pk": 13,
  "fields": {
    "name": "African Lion",
    "scientific_name": "Panthera leo",
    "average_lifespan": 15,
    "size": 4.5,
    "size_unit": "feet",
    "weight": 265.0,
    "weight_unit": "pounds",
    "fact": "African lions prefer to hunt on dark nights, when the moon is below the horizon.",
    "diet": "CA",
    "classification": 1,
    "habitats": 6,
    "threats": []
  }
},
{
  "model": "animals.animal",
  "pk": 14,
  "fields": {
    "name": "Cheetah",
    "scientific_name": "Acinonyx jubatus",
    "average_lifespan": 10,
    "size": 3.5,
    "size_unit": "feet",
    "weight": 77.0,
    "weight_unit": "pounds",
    "fact": "Cheetahs are the only big cats that can\u2019t roar.",
    "diet": "CA",
    "classification": 1,
    "habitats": 6,
    "threats": []
  }
},
{
  "model": "animals.animal",
  "pk": 15,
  "fields": {
    "name": "Jaguar",
    "scientific_name": "Panthera onca",
    "average_lifespan": 12,
    "size": 5.0,
    "size_unit": "feet",
    "weight": 100.0,
    "weight_unit": "pounds",
    "fact": "Jaguars have massively thick skulls.",
    "diet": "CA",
    "classification": 1,
    "habitats": 3,
    "threats": []
  }
},
{
  "model": "animals.animal",
  "pk": 16,
  "fields": {
    "name": "Leopard",
    "scientific_name": "Panthera pardus",
    "average_lifespan": 12,
    "size": 4.25,
    "size_unit": "feet",
    "weight": 66.0,
    "weight_unit": "pounds",
    "fact": "Leopards drag their kills up into trees to protect them from hyenas and other competitors.",
    "diet": "CA",
    "classification": 1,
    "habitats": 6,
    "threats": []
  }
},
{
  "model": "animals.animal",
  "pk": 17,
  "fields": {
    "name": "Plains Zebra",
    "scientific_name": "Equus quagga",
    "average_lifespan": 25,
    "size": 3.5,
    "size_unit": "feet",
    "weight": 440.0,
    "weight_unit": "pounds",
    "fact": "Every zebra has a unique pattern of black and white stripes.",
    "diet": "HE",
    "classification": 1,
    "habitats": 6,
    "threats": []
  }
},
{
  "model": "animals.animal",
  "pk": 18,
  "fields": {
    "name": "Blue Wildebeest",
    "scientific_name": "Connochaetes taurinus",
    "average_lifespan": 20,
    "size": 4.5,
    "size_unit": "feet",
    "weight": 330.0,
    "weight_unit": "pounds",
    "fact": "New calves are able to walk on their own within minutes of being born and, within a few days, they can even outrun a lioness.",
    "diet": "HE",
    "classification": 1,
    "habitats": 6,
    "threats": []
  }
},
{
  "model": "animals.animal",
  "pk": 19,
  "fields": {
    "name": "African Buffalo",
    "scientific_name": "Syncerus caffer",
    "average_lifespan": 11,
    "size": 4.0,
    "size_unit": "feet",
    "weight": 660.0,
    "weight_unit": "pounds",
    "fact": "African buffalo have eyesight so good they can spot a lion from over half a mile away.",
    "diet": "HE",
    "classification": 1,
    "habitats": 6,
    "threats": []
  }
},
{
  "model": "animals.animal",
  "pk": 20,
  "fields": {
    "name": "Hippopotamus",
    "scientific_name": "Hippopotamus amphibious",
    "average_lifespan": 40,
    "size": 9.5,
    "size_unit": "feet",
    "weight": 1.5,
    "weight_unit": "tonnes",
    "fact": "Hippos graze on land only at night. Their days are spent resting in the water.",
    "diet": "HE",
    "classification": 1,
    "habitats": 14,
    "threats": []
  }
},
{
  "model": "animals.animal",
  "pk": 21,
  "fields": {
    "name": "Seahorse",
    "scientific_name": "Hippocampus",
    "average_lifespan": 1,
    "size": 0.6,
    "size_unit": "inches",
    "weight": 7.0,
    "weight_unit": "ounces",
    "fact": "Some male seahorses can deliver a brood in the morning and be pregnant again by nightfall.",
    "diet": "CA",
    "classification": 3,
    "habitats": 12,
    "threats": []
  }
},
{
  "model": "animals.animal",
  "pk": 22,
  "fields": {
    "name": "Nile Crocodile",
    "scientific_name": "Crocodylus niloticus",
    "average_lifespan": 45,
    "size": 16.0,
    "size_unit": "feet",
    "weight": 500.0,
    "weight_unit": "pounds",
    "fact": "Powerful legs let Nile crocodiles pull down adult wildebeests.",
    "diet": "CA",
    "classification": 4,
    "habitats": 14,
    "threats": []
  }
},
{
  "model": "animals.animal",
  "pk": 23,
  "fields": {
    "name": "American Alligator",
    "scientific_name": "Alligator mississippiensis",
    "average_lifespan": 35,
    "size": 10.0,
    "size_unit": "feet",
    "weight": 1000.0,
    "weight_unit": "pounds",
    "fact": "Male alligators bellow to announce they are ready to mate.",
    "diet": "CA",
    "classification": 4,
    "habitats": 14,
    "threats": []
  }
},
{
  "model": "animals.animal",
  "pk": 24,
  "fields": {
    "name": "King Cobra",
    "scientific_name": "Ophiophagus hannah",
    "average_lifespan": 20,
    "size": 13.0,
    "size_unit": "feet",
    "weight": 20.0,
    "weight_unit": "pounds",
    "fact": "The king cobra produces enough neurotoxin to kill an elephant with a single bite.",
    "diet": "CA",
    "classification": 4,
    "habitats": 3,
    "threats": []
  }
},
{
  "model": "animals.animal",
  "pk": 25,
  "fields": {
    "name": "Burmese Python",
    "scientific_name": "Python bivitattus",
    "average_lifespan": 20,
    "size": 16.0,
    "size_unit": "feet",
    "weight": 200.0,
    "weight_unit": "pounds",
    "fact": "Burmese pythons can hold their breath underwater for up to 30 minutes.",
    "diet": "CA",
    "classification": 4,
    "habitats": 3,
    "threats": []
  }
},
{
  "model": "animals.animal",
  "pk": 26,
  "fields": {
    "name": "Black Mamba",
    "scientific_name": "Dendroaspis polylepis",
    "average_lifespan": 11,
    "size": 14.0,
    "size_unit": "feet",
    "weight": 3.5,
    "weight_unit": "pounds",
    "fact": "The black mamba is Africa's largest venomous snake.",
    "diet": "CA",
    "classification": 4,
    "habitats": 6,
    "threats": []
  }
},
{
  "model": "animals.animal",
  "pk": 27,
  "fields": {
    "name": "Eastern Diamondback Rattlesnake",
    "scientific_name": "Crotalus adamanteus",
    "average_lifespan": 10,
    "size": 5.5,
    "size_unit": "feet",
    "weight": 5.0,
    "weight_unit": "pounds",
    "fact": "Baby rattlers are often more dangerous than adults because they have less control over their venom.",
    "diet": "CA",
    "classification": 4,
    "habitats": 4,
    "threats": []
  }
},
{
  "model": "animals.animal",
  "pk": 28,
  "fields": {
    "name": "Red Kangaroo",
    "scientific_name": "Macropus rufus",
    "average_lifespan": 23,
    "size": 3.25,
    "size_unit": "feet",
    "weight": 200.0,
    "weight_unit": "pounds",
    "fact": "The red kangaroo is the largest marsupial and the largest Australian mammal.",
    "diet": "HE",
    "classification": 1,
    "habitats": 9,
    "threats": []
  }
},
{
  "model": "animals.description",
  "pk": 1,
  "fields": {
    "brief": "Savanna",
    "heading": "Intro",
    "info": "Lorem Ipsum is simply dummy text of the printing and typesetting industry. Lorem Ipsum has been the industry standard dummy text ever since the 1500s, when an unknown printer took a galley of type and scrambled it to make a type specimen book. It has survived not only five centuries, but also the leap into electronic typesetting, remaining essentially unchanged. It was popularised in the 1960s with the release of Letraset sheets containing Lorem Ipsum passages, and more recently with desktop publishing software like Aldus PageMaker including versions of Lorem Ipsum.",
    "threat": null,
    "animal": null,
    "habitat": 6
  }
},
{
  "model": "animals.image",
  "pk": 1,
  "fields": {
    "brief": "Habitat - Savanna - lone tree",
    "image": "https://i.imgur.com/JGfY9yB.jpg",
    "threat": null,
    "animal": null,
    "habitat": 6
  }
},
{
  "model": "animals.image",
  "pk": 2,
  "fields": {
    "brief": "Habitat - Savanna - open field",
    "image": "https://i.imgur.com/CHlkUld.jpg",
    "threat": null,
    "animal": null,
    "habitat": 6
  }
},
{
  "model": "animals.image",
  "pk": 3,
  "fields": {
    "brief": "Habitat - Savanna - dry plains",
    "image": "https://i.imgur.com/Y3olEwC.jpg",
    "threat": null,
    "animal": null,
    "habitat": 6
  }
},
{
  "model": "animals.image",
  "pk": 4,
  "fields": {
    "brief": "Habitat - Mountains - green mountain view",
    "image": "https://i.imgur.com/QG0RhFA.jpg",
    "threat": null,
    "animal": null,
    "habitat": 1
  }
},
{
  "model": "animals.image",
  "pk": 5,
  "fields": {
    "brief": "Habitat - Mountains - icy mountains",
    "image": "https://i.imgur.com/Ab4YMdo.jpg",
    "threat": null,
    "animal": null,
    "habitat": 1
  }
},
{
  "model": "animals.image",
  "pk": 6,
  "fields": {
    "brief": "Habitat - Mountains - greenery",
    "image": "https://i.imgur.com/pFJZ7Bp.jpg",
    "threat": null,
    "animal": null,
    "habitat": 1
  }
},
{
  "model": "animals.image",
  "pk": 7,
  "fields": {
    "brief": "Habitat - Polar Regions - sunny snow",
    "image": "https://i.imgur.com/UD86jOM.jpg",
    "threat": null,
    "animal": null,
    "habitat": 2
  }
},
{
  "model": "animals.image",
  "pk": 8,
  "fields": {
    "brief": "Habitat - Polar Regions - sunny mountainy",
    "image": "https://i.imgur.com/7h3rLR1.jpg",
    "threat": null,
    "animal": null,
    "habitat": 2
  }
},
{
  "model": "animals.image",
  "pk": 9,
  "fields": {
    "brief": "Habitat - Polar Regions - floating ice",
    "image": "https://i.imgur.com/Ju4f7zd.jpg",
    "threat": null,
    "animal": null,
    "habitat": 2
  }
},
{
  "model": "animals.image",
  "pk": 10,
  "fields": {
    "brief": "Habitat - Rainforest - misty rainforest",
    "image": "https://i.imgur.com/AamoDNU.jpg",
    "threat": null,
    "animal": null,
    "habitat": 3
  }
},
{
  "model": "animals.image",
  "pk": 11,
  "fields": {
    "brief": "Habitat - Rainforest - rainforest river",
    "image": "https://i.imgur.com/Gisq0za.jpg",
    "threat": null,
    "animal": null,
    "habitat": 3
  }
},
{
  "model": "animals.image",
  "pk": 12,
  "fields": {
    "brief": "Habitat - Rainforest - rainforest stream",
    "image": "https://i.imgur.com/pvbcHEU.jpg",
    "threat": null,
    "animal": null,
    "habitat": 3
  }
},
{
  "model": "animals.image",
  "pk": 13,
  "fields": {
    "brief": "Habitat - Woodlands - autumn woodland",
    "image": "https://i.imgur.com/VjTpoXc.jpg",
    "threat": null,
    "animal": null,
    "habitat": 4
  }
},
{
  "model": "animals.image",
  "pk": 14,
  "fields": {
    "brief": "Habitat - Woodlands - green woodland",
    "image": "https://i.imgur.com/8IEDoy9.jpg",
    "threat": null,
    "animal": null,
    "habitat": 4
  }
},
{
  "model": "animals.image",
  "pk": 15,
  "fields": {
    "brief": "Habitat - Woodlands - greenery",
    "image": "https://i.imgur.com/rAQ6ywT.jpg",
    "threat": null,
    "animal": null,
    "habitat": 4
  }
},
{
  "model": "animals.image",
  "pk": 16,
  "fields": {
    "brief": "Habitat - Coniferous - autumn",
    "image": "https://i.imgur.com/eP1Rh51.jpg",
    "threat": null,
    "animal": null,
    "habitat": 5
  }
},
{
  "model": "animals.image",
  "pk": 17,
  "fields": {
    "brief": "Habitat - Coniferous - water",
    "image": "https://i.imgur.com/zZPp6pl.jpg",
    "threat": null,
    "animal": null,
    "habitat": 5
  }
},
{
  "model": "animals.image",
  "pk": 18,
  "fields": {
    "brief": "Habitat - Coniferous - forest",
    "image": "https://i.imgur.com/bi7Zzji.jpg",
    "threat": null,
    "animal": null,
    "habitat": 5
  }
},
{
  "model": "animals.image",
  "pk": 19,
  "fields": {
    "brief": "Habitat - Temperate - grass",
    "image": "https://i.imgur.com/8niTraa.jpg",
    "threat": null,
    "animal": null,
    "habitat": 7
  }
},
{
  "model": "animals.image",
  "pk": 20,
  "fields": {
    "brief": "Habitat - Temperate - greenery",
    "image": "https://i.imgur.com/vxVAYZM.jpg",
    "threat": null,
    "animal": null,
    "habitat": 7
  }
},
{
  "model": "animals.image",
  "pk": 21,
  "fields": {
    "brief": "Habitat - Temperate - trees",
    "image": "https://i.imgur.com/pO5aOIm.jpg",
    "threat": null,
    "animal": null,
    "habitat": 7
  }
},
{
  "model": "animals.image",
  "pk": 22,
  "fields": {
    "brief": "Habitat - Desert - tree",
    "image": "https://i.imgur.com/mXBFrAU.jpg",
    "threat": null,
    "animal": null,
    "habitat": 8
  }
},
{
  "model": "animals.image",
  "pk": 23,
  "fields": {
    "brief": "Habitat - Desert - desert",
    "image": "https://i.imgur.com/4RJxHA8.jpg",
    "threat": null,
    "animal": null,
    "habitat": 8
  }
},
{
  "model": "animals.image",
  "pk": 24,
  "fields": {
    "brief": "Habitat - Desert - dry desert",
    "image": "https://i.imgur.com/MOoKlU6.jpg",
    "threat": null,
    "animal": null,
    "habitat": 8
  }
},
{
  "model": "animals.image",
  "pk": 25,
  "fields": {
    "brief": "Habitat - Scrubland - trees",
    "image": "https://i.imgur.com/BL4PDFM.jpg",
    "threat": null,
    "animal": null,
    "habitat": 9
  }
},
{
  "model": "animals.image",
  "pk": 26,
  "fields": {
    "brief": "Habitat - Scrubland - bushes",
    "image": "https://i.imgur.com/mmz16IP.jpg",
    "threat": null,
    "animal": null,
    "habitat": 9
  }
},
{
  "model": "animals.image",
  "pk": 27,
  "fields": {
    "brief": "Habitat - Scrubland - high view",
    "image": "https://i.imgur.com/h5byCbD.jpg",
    "threat": null,
    "animal": null,
    "habitat": 9
  }
},
{
  "model": "animals.image",
  "pk": 28,
  "fields": {
    "brief": "Habitat - Open Ocean - above sealevel",
    "image": "https://i.imgur.com/35SrSim.jpg",
    "threat": null,
    "animal": null,
    "habitat": 10
  }
},
{
  "model": "animals.image",
  "pk": 29,
  "fields": {
    "brief": "Habitat - Open Ocean - underwater",
    "image": "https://i.imgur.com/pSBfhl5.png",
    "threat": null,
    "animal": null,
    "habitat": 10
  }
},
{
  "model": "animals.image",
  "pk": 30,
  "fields": {
    "brief": "Habitat - Open Ocean - crashing waves",
    "image": "https://i.imgur.com/B9sRyhS.jpg",
    "threat": null,
    "animal": null,
    "habitat": 10
  }
},
{
  "model": "animals.image",
  "pk": 31,
  "fields": {
    "brief": "Habitat - Deep Ocean - empty ocean",
    "image": "https://i.imgur.com/QeTHBG9.jpg",
    "threat": null,
    "animal": null,
    "habitat": 11
  }
},
{
  "model": "animals.image",
  "pk": 32,
  "fields": {
    "brief": "Habitat - Deep Ocean - rocky",
    "image": "https://i.imgur.com/zptMUs6.jpg",
    "threat": null,
    "animal": null,
    "habitat": 11
  }
},
{
  "model": "animals.image",
  "pk": 33,
  "fields": {
    "brief": "Habitat - Deep Ocean - sunray",
    "image": "https://i.imgur.com/cZgq6RO.jpg",
    "threat": null,
    "animal": null,
    "habitat": 11
  }
},
{
  "model": "animals.image",
  "pk": 34,
  "fields": {
    "brief": "Habitat - Coral Reef - colourful reef",
    "image": "https://i.imgur.com/D5iwn0Y.jpg",
    "threat": null,
    "animal": null,
    "habitat": 12
  }
},
{
  "model": "animals.image",
  "pk": 35,
  "fields": {
    "brief": "Habitat - Coral Reef - above sealevel",
    "image": "https://i.imgur.com/5Y2f8HD.jpg",
    "threat": null,
    "animal": null,
    "habitat": 12
  }
},
{
  "model": "animals.image",
  "pk": 36,
  "fields": {
    "brief": "Habitat - Coral Reef - reef",
    "image": "https://i.imgur.com/CNtPAx9.jpg",
    "threat": null,
    "animal": null,
    "habitat": 12
  }
},
{
  "model": "animals.image",
  "pk": 37,
  "fields": {
    "brief": "Habitat - Urban - city park",
    "image": "https://i.imgur.com/a0ciV3z.jpg",
    "threat": null,
    "animal": null,
    "habitat": 13
  }
},
{
  "model": "animals.image",
  "pk": 38,
  "fields": {
    "brief": "Habitat - Urban - rural",
    "image": "https://i.imgur.com/jAu5hPN.jpg",
    "threat": null,
    "animal": null,
    "habitat": 13
  }
},
{
  "model": "animals.image",
  "pk": 39,
  "fields": {
    "brief": "Habitat - Urban - city",
    "image": "https://i.imgur.com/djA3SUN.jpg",
    "threat": null,
    "animal": null,
    "habitat": 13
  }
},
{
  "model": "animals.image",
  "pk": 40,
  "fields": {
    "brief": "Habitat - River - river",
    "image": "https://i.imgur.com/1PoAb62.jpg",
    "threat": null,
    "animal": null,
    "habitat": 14
  }
},
{
  "model": "animals.image",
  "pk": 41,
  "fields": {
    "brief": "Habitat - River - rocky",
    "image": "https://i.imgur.com/yAeN6FQ.jpg",
    "threat": null,
    "animal": null,
    "habitat": 14
  }
},
{
  "model": "animals.image",
  "pk": 42,
  "fields": {
    "brief": "Habitat - River - forest river",
    "image": "https://i.imgur.com/BL3SV1B.jpg",
    "threat": null,
    "animal": null,
    "habitat": 14
  }
},
{
  "model": "animals.image",
  "pk": 43,
  "fields": {
    "brief": "Siberian tiger - sitting in the snow",
    "image": "https://i.imgur.com/Uhj9RfK.jpg",
    "threat": null,
    "animal": 4,
    "habitat": null
  }
},
{
  "model": "animals.image",
  "pk": 44,
  "fields": {
    "brief": "African Lion - male lion sitting",
    "image": "https://i.imgur.com/Nuxqk7h.jpg",
    "threat": null,
    "animal": 13,
    "habitat": null
  }
},
{
  "model": "animals.image",
  "pk": 45,
  "fields": {
    "brief": "Cheetah - standing looking out at the plains",
    "image": "https://i.imgur.com/bem0tfR.jpg",
    "threat": null,
    "animal": 14,
    "habitat": null
  }
},
{
  "model": "animals.image",
  "pk": 46,
  "fields": {
    "brief": "Leopard - leopard walking",
    "image": "https://i.imgur.com/8UteOrC.jpg",
    "threat": null,
    "animal": 16,
    "habitat": null
  }
},
{
  "model": "animals.image",
  "pk": 47,
  "fields": {
    "brief": "Plains Zebra - standing in the plains",
    "image": "https://i.imgur.com/KSJozwg.jpg",
    "threat": null,
    "animal": 17,
    "habitat": null
  }
},
{
  "model": "animals.image",
  "pk": 48,
  "fields": {
    "brief": "Blue Wildebeest - standing in the plains",
    "image": "https://i.imgur.com/r9GP79Z.jpg",
    "threat": null,
    "animal": 18,
    "habitat": null
  }
},
{
  "model": "animals.image",
  "pk": 49,
  "fields": {
    "brief": "African Buffalo - standing in the plains",
    "image": "https://i.imgur.com/9h4XGVt.jpg",
    "threat": null,
    "animal": 19,
    "habitat": null
  }
},
{
  "model": "animals.image",
  "pk": 50,
  "fields": {
    "brief": "Black Mamba - closeup of black mamba",
    "image": "https://i.imgur.com/KSz0UZw.jpg",
    "threat": null,
    "animal": 26,
    "habitat": null
  }
},
{
  "model": "animals.image",
  "pk": 51,
  "fields": {
    "brief": "Great White Shark - full body view",
    "image": "https://i.imgur.com/c2f9tQD.jpg",
    "threat": null,
    "animal": 1,
    "habitat": null
  }
},
{
  "model": "animals.image",
  "pk": 52,
  "fields": {
    "brief": "Tiger Shark - full body view",
    "image": "https://i.imgur.com/pOHVY8W.jpg",
    "threat": null,
    "animal": 2,
    "habitat": null
  }
},
{
  "model": "animals.image",
  "pk": 53,
  "fields": {
    "brief": "Sand Tiger Shark - full body view",
    "image": "https://i.imgur.com/EGGUqb4.jpg",
    "threat": null,
    "animal": 3,
    "habitat": null
  }
},
{
  "model": "animals.image",
  "pk": 54,
  "fields": {
    "brief": "Bengal Tiger - roaring tiger",
    "image": "https://i.imgur.com/t8b1W7w.jpg",
    "threat": null,
    "animal": 5,
    "habitat": null
  }
},
{
  "model": "animals.image",
  "pk": 55,
  "fields": {
    "brief": "Bull Shark - close up",
    "image": "https://i.imgur.com/2vYQYn1.jpg",
    "threat": null,
    "animal": 6,
    "habitat": null
  }
},
{
  "model": "animals.image",
  "pk": 56,
  "fields": {
    "brief": "Nurse Shark - sitting at the bottom of the seafloor",
    "image": "https://i.imgur.com/hxzDnSM.jpg",
    "threat": null,
    "animal": 7,
    "habitat": null
  }
},
{
  "model": "animals.image",
  "pk": 57,
  "fields": {
    "brief": "Walrus - sitting on ice",
    "image": "https://i.imgur.com/VIVSnBc.jpg",
    "threat": null,
    "animal": 8,
    "habitat": null
  }
},
{
  "model": "animals.image",
  "pk": 58,
  "fields": {
    "brief": "Leopard Seal - sitting on ice",
    "image": "https://i.imgur.com/AhRz1Mi.png",
    "threat": null,
    "animal": 9,
    "habitat": null
  }
},
{
  "model": "animals.image",
  "pk": 59,
  "fields": {
    "brief": "Emperor Penguin - standing alone",
    "image": "https://i.imgur.com/FrPphEr.jpg",
    "threat": null,
    "animal": 10,
    "habitat": null
  }
},
{
  "model": "animals.image",
  "pk": 60,
  "fields": {
    "brief": "Polar Bear - walking",
    "image": "https://i.imgur.com/tNovOgE.jpg",
    "threat": null,
    "animal": 11,
    "habitat": null
  }
},
{
  "model": "animals.image",
  "pk": 61,
  "fields": {
    "brief": "Artic Fox - stalking prey",
    "image": "https://i.imgur.com/PkLmxGE.jpg",
    "threat": null,
    "animal": 12,
    "habitat": null
  }
},
{
  "model": "animals.image",
  "pk": 62,
  "fields": {
    "brief": "Jaguar - lying down",
    "image": "https://i.imgur.com/niahIpe.jpg",
    "threat": null,
    "animal": 15,
    "habitat": null
  }
},
{
  "model": "animals.image",
  "pk": 63,
  "fields": {
    "brief": "Hippo - walking in shallow water",
    "image": "https://i.imgur.com/ChdS92a.jpg",
    "threat": null,
    "animal": 20,
    "habitat": null
  }
},
{
  "model": "animals.image",
  "pk": 64,
  "fields": {
    "brief": "Seahorse - yellow seahorse in coral reef",
    "image": "https://i.imgur.com/P0Isizs.jpg",
    "threat": null,
    "animal": 21,
    "habitat": null
  }
},
{
  "model": "animals.image",
  "pk": 65,
  "fields": {
    "brief": "Nile Crocodile - lying down",
    "image": "https://i.imgur.com/57BtmVJ.jpg",
    "threat": null,
    "animal": 22,
    "habitat": null
  }
},
{
  "model": "animals.image",
  "pk": 66,
  "fields": {
    "brief": "American Alligator",
    "image": "https://i.imgur.com/4QGKpLf.jpg",
    "threat": null,
    "animal": 23,
    "habitat": null
  }
},
{
  "model": "animals.image",
  "pk": 67,
  "fields": {
    "brief": "King Cobra - cobra showing its hood",
    "image": "https://i.imgur.com/ui3kRCt.jpg",
    "threat": null,
    "animal": 24,
    "habitat": null
  }
},
{
  "model": "animals.image",
  "pk": 68,
  "fields": {
    "brief": "Burmese Python - closeup",
    "image": "https://i.imgur.com/ouV77K1.jpg",
    "threat": null,
    "animal": 25,
    "habitat": null
  }
},
{
  "model": "animals.image",
  "pk": 69,
  "fields": {
    "brief": "Eastern Diamondback Rattlesnake - tongue flickering",
    "image": "https://i.imgur.com/zIHnOkZ.jpg",
    "threat": null,
    "animal": 27,
    "habitat": null
  }
},
{
  "model": "animals.image",
  "pk": 70,
  "fields": {
    "brief": "Red Kangaroo - watching the plains",
    "image": "https://i.imgur.com/06UZdzh.jpg",
    "threat": null,
    "animal": 28,
    "habitat": null
  }
},
{
  "model": "animals.image",
  "pk": 71,
  "fields": {
    "brief": "Red Kangaroo - watching the plains",
    "image": "https://i.imgur.com/06UZdzh.jpg",
    "threat": null,
    "animal": 28,
    "habitat": null
  }
}
]
